shop,address,place ID,urls
澎湖馬公門市,澎湖縣 馬公市 仁愛路77號,ChIJw5U_MfNabDQReGdkknrbnIY,"https://www.google.com/maps/place/Louisa+Coffee+%E8%B7%AF%E6%98%93%E8%8E%8E%E5%92%96%E5%95%A1(%E6%BE%8E%E6%B9%96%E9%A6%AC%E5%85%AC%E9%96%80%E5%B8%82)/@23.565709,119.5650055,20.75z/data=!4m6!3m5!1s0x346c5af331305581:0x1ae4a70a7a912c28!8m2!3d23.5656219!4d119.564813!16s%2Fg%2F11c2y4_cs0?entry=ttu&g_ep=EgoyMDI1MDExNS4wIKXMDSoASAFQAw%3D%3D"
金門金城門市,金門縣 金城鎮 環島北路一段19號,ChIJyaY9ZGeiFDQRhlaz9JK7ENo,"https://www.google.com/maps/place/%E8%B7%AF%E6%98%93%E8%8E%8E%E5%92%96%E5%95%A1(%E9%87%91%E9%96%80%E9%87%91%E5%9F%8E%E9%96%80%E5%B8%82)/@24.4410433,118.3221011,18.25z/data=!4m6!3m5!1s0x3414a321c27a99e5:0xa5815129bfe3a6b!8m2!3d24.4411452!4d118.3223526!16s%2Fg%2F11jgc34xft?entry=ttu&g_ep=EgoyMDI1MDExNS4wIKXMDSoASAFQAw%3D%3D"
花蓮民國門市,花蓮縣 花蓮市 民國路79-3號,ChIJ_duWw7-faDQRjZH__NODrhk,"https://www.google.com/maps/place/Louisa+Coffee+%E8%B7%AF%E6%98%93%E8%8E%8E%E5%92%96%E5%95%A1(%E8%8A%B1%E8%93%AE%E6%B0%91%E5%9C%8B%E9%96%80%E5%B8%82)/@23.9777067,121.6011679,17z/data=!3m1!4b1!4m6!3m5!1s0x34689f08e0a8487f:0x282bddd0cd1404ce!8m2!3d23.9777067!4d121.6037428!16s%2Fg%2F11rnhrtn_z?entry=ttu&g_ep=EgoyMDI1MDExNS4wIKXMDSoASAFQAw%3D%3D"
三重成功門市,新北市 三重區 成功路98號,ChIJ5Xi-SPyoQjQRSZVKyF7KUaw,"https://www.google.com/maps/place/Louisa+Coffee+%E8%B7%AF%E6%98%93%E8%8E%8E%E5%92%96%E5%95%A1(%E4%B8%89%E9%87%8D%E6%88%90%E5%8A%9F%E5%BA%97)/@25.0511785,121.485288,17z/data=!3m2!4b1!5s0x3442a9a1602727b1:0xf8ff3cd486724491!4m6!3m5!1s0x3442a8fc48be78e5:0x599e133da828176e!8m2!3d25.0511785!4d121.4878629!16s%2Fg%2F11cns7xtpw?entry=ttu&g_ep=EgoyMDI1MDExNS4wIKXMDSoASAFQAw%3D%3D"
高雄小港門市,高雄市 小港區 漢民路616號,ChIJvfTM-tscbjQRkZbmA7kh6zU,"https://www.google.com/maps/place/%E8%B7%AF%E6%98%93%E8%8E%8E%E5%92%96%E5%95%A1+(%E9%AB%98%E9%9B%84%E5%B0%8F%E6%B8%AF%E9%96%80%E5%B8%82)/@22.5750044,120.3496802,15z/data=!4m10!1m2!2m1!1zTG91aXNhIENvZmZlZSDot6_mmJPojo7lkpbllaEo6auY6ZuE5bCP5riv5bqXKQ!3m6!1s0x346e1cdbfaccf4bd:0x664d9f34f1fb7d64!8m2!3d22.5667745!4d120.36005!15sCi5Mb3Vpc2EgQ29mZmVlIOi3r-aYk-iOjuWSluWVoSjpq5jpm4TlsI_muK_lupcpWi8iLWxvdWlzYSBjb2ZmZWUg6Lev5piTIOiOjiDlkpbllaEg6auY6ZuEIOWwj-a4r5IBC2NvZmZlZV9zaG9w4AEA!16s%2Fg%2F11c5912t97?entry=ttu&g_ep=EgoyMDI1MDExNS4wIKXMDSoASAFQAw%3D%3D"
斗六中堅門市,雲林縣 斗六市 中堅西路533號,ChIJvw-g5xjIbjQRknTq905f3JI,"https://www.google.com/maps/place/Louisa+Coffee+%E8%B7%AF%E6%98%93%E8%8E%8E%E5%92%96%E5%95%A1+(%E6%96%97%E5%85%AD%E4%B8%AD%E5%A0%85%E5%BA%97)/@23.7007145,120.5167448,15z/data=!3m1!4b1!4m6!3m5!1s0x346ec9be5d023a0d:0xbe08303b8169b479!8m2!3d23.7007156!4d120.5351989!16s%2Fg%2F11fgm64dcd?entry=ttu&g_ep=EgoyMDI1MDExNS4wIKXMDSoASAFQAw%3D%3D"
雲林虎尾門市,雲林縣 虎尾鎮 新生路92號,ChIJW4-6oVS3bjQRn5Z_CeyQk6g,"https://www.google.com/maps/place/Louisa+Coffee+%E8%B7%AF%E6%98%93%E8%8E%8E%E5%92%96%E5%95%A1(%E9%9B%B2%E6%9E%97%E8%99%8E%E5%B0%BE%E9%96%80%E5%B8%82)/@23.7078499,120.4330006,17z/data=!4m10!1m2!2m1!1zTG91aXNhIENvZmZlZSDot6_mmJPojo7lkpbllaEgKOmbsuael-iZjuWwvuW6lyk!3m6!1s0x346eb7fdded9ff87:0x98f433ad903d2b46!8m2!3d23.7078499!4d120.4371205!15sCi9Mb3Vpc2EgQ29mZmVlIOi3r-aYk-iOjuWSluWVoSAo6Zuy5p6X6JmO5bC-5bqXKSIDiAEBWjAiLmxvdWlzYSBjb2ZmZWUg6Lev5piTIOiOjiDlkpbllaEg6ZuyIOaelyDomY7lsL6SAQRjYWZl4AEA!16s%2Fg%2F11h05bnfg5?entry=ttu&g_ep=EgoyMDI1MDExNS4wIKXMDSoASAFQAw%3D%3D"
台南湖美門市,台南市 中西區 中華西路二段588號,ChIJpUPyJGp2bjQRDwXxNq9v9NQ,"https://www.google.com/maps/place/Louisa+Coffee+%E8%B7%AF%E6%98%93%E8%8E%8E%E5%92%96%E5%95%A1(%E5%8F%B0%E5%8D%97%E6%B9%96%E7%BE%8E%E9%96%80%E5%B8%82)/@23.0029971,120.1845594,17z/data=!3m1!4b1!4m6!3m5!1s0x346e767215fe4a17:0x6b8375ae116840b3!8m2!3d23.0029971!4d120.1871343!16s%2Fg%2F1z44z5tky?entry=ttu&g_ep=EgoyMDI1MDExNS4wIKXMDSoASAFQAw%3D%3D"
新竹公園,新竹市 東區 公園路133號,ChIJE4G97ec1aDQR2zGC9zsyeE8,"https://www.google.com/maps/place/Louisa+Coffee+%E8%B7%AF%E6%98%93%E8%8E%8E%E5%92%96%E5%95%A1+(%E6%96%B0%E7%AB%B9%E5%85%AC%E5%9C%92%E9%96%80%E5%B8%82)/@24.8003202,120.9747703,17z/data=!3m1!4b1!4m6!3m5!1s0x3468358a5f452c51:0xd7aa2109a84a32cf!8m2!3d24.8003202!4d120.9773452!16s%2Fg%2F11lt9pst_v?entry=ttu&g_ep=EgoyMDI1MDExNS4wIKXMDSoASAFQAw%3D%3D"
大甲鎮瀾門市,台中市 大甲區 育德路21號,ChIJNXjhtf8RaTQRb9CxGoNXz-o,"https://www.google.com/maps/place/Louisa+Coffee+%E8%B7%AF%E6%98%93%E8%8E%8E%E5%92%96%E5%95%A1(%E5%A4%A7%E7%94%B2%E9%8E%AE%E7%80%BE%E9%96%80%E5%B8%82)/@24.3458337,120.6040642,15z/data=!3m1!4b1!4m6!3m5!1s0x346911ffca99e925:0x30159fdbc2fee25c!8m2!3d24.3458348!4d120.6225183!16s%2Fg%2F11c0r5g53b?entry=ttu&g_ep=EgoyMDI1MDExNS4wIKXMDSoASAFQAw%3D%3D"
嘉義圓環門市,嘉義市 西區 中山路294號,ChIJZYi4iDGUbjQRIVB2dRQc1dM,"https://www.google.com/maps/place/Louisa+Coffee+%E8%B7%AF%E6%98%93%E8%8E%8E%E5%92%96%E5%95%A1(%E5%98%89%E7%BE%A9%E5%9C%93%E7%92%B0%E9%96%80%E5%B8%82)/@23.4800757,120.4467352,17z/data=!3m1!4b1!4m6!3m5!1s0x346e95e9ffe52e2f:0x48a1afe388780e62!8m2!3d23.4800757!4d120.4493101!16s%2Fg%2F11h2j_wblk?entry=ttu&g_ep=EgoyMDI1MDExNS4wIKXMDSoASAFQAw%3D%3D"
草屯中正門市,南投縣 草屯鎮 中正路844號,ChIJbyEVp3MwaTQRlj7S31bQqTs,"https://www.google.com/maps/place/Louisa+Coffee+%E8%B7%AF%E6%98%93%E8%8E%8E%E5%92%96%E5%95%A1(%E8%8D%89%E5%B1%AF%E4%B8%AD%E6%AD%A3%E9%96%80%E5%B8%82)/@23.983842,120.6834611,17z/data=!3m1!4b1!4m6!3m5!1s0x3469319aff264d5f:0x49f6cb9b864ebcf8!8m2!3d23.983842!4d120.686036!16s%2Fg%2F11tfn0q354?entry=ttu&g_ep=EgoyMDI1MDExNS4wIKXMDSoASAFQAw%3D%3D"
龍潭北龍門市,桃園市 龍潭區北龍路266號,ChIJS6DH-h09aDQRGmKljvTXYcY,"https://www.google.com/maps/place/Louisa+Coffee+%E8%B7%AF%E6%98%93%E8%8E%8E%E5%92%96%E5%95%A1+(%E9%BE%8D%E6%BD%AD%E5%8C%97%E9%BE%8D%E9%96%80%E5%B8%82)/@24.8676855,121.2149357,17z/data=!3m1!4b1!4m6!3m5!1s0x34683d1dfaba235d:0xb3a156df114ad88e!8m2!3d24.8676855!4d121.2175106!16s%2Fg%2F11c6_dfhwm?entry=ttu&g_ep=EgoyMDI1MDExNS4wIKXMDSoASAFQAw%3D%3D"
鹿港中山門市,彰化縣 鹿港鎮 中山路246號,ChIJP9yYP_1FaTQRAtq7j1z51lY,"https://www.google.com/maps/place/Louisa+Coffee+%E8%B7%AF%E6%98%93%E8%8E%8E%E5%92%96%E5%95%A1(%E9%B9%BF%E6%B8%AF%E4%B8%AD%E5%B1%B1%E9%96%80%E5%B8%82)/@24.0557526,120.4316875,17z/data=!3m1!4b1!4m6!3m5!1s0x346945fd3fc72fa7:0xea24b35445dc2299!8m2!3d24.0557526!4d120.4342624!16s%2Fg%2F11cn5pnt36?entry=ttu&g_ep=EgoyMDI1MDExNS4wIKXMDSoASAFQAw%3D%3D"
員林大同96門市,彰化縣 員林市 大同路二段96號,ChIJ453k8P42aTQRN_HbVB083yg,"https://www.google.com/maps/place/Louisa+Coffee+%E8%B7%AF%E6%98%93%E8%8E%8E%E5%92%96%E5%95%A1(%E5%93%A1%E6%9E%97%E5%A4%A7%E5%90%8C96%E9%96%80%E5%B8%82)/@23.9687978,120.5750334,17z/data=!3m1!4b1!4m6!3m5!1s0x346937c1ad7fa62d:0x495592f76a85fcd0!8m2!3d23.9687978!4d120.5776083!16s%2Fg%2F11k9t8t3xp?entry=ttu&g_ep=EgoyMDI1MDExNS4wIKXMDSoASAFQAw%3D%3D"
頭份建國門市,苗栗縣 頭份市 建國路107號,ChIJAeNOwLtMaDQRrhoTcXq2jkk,"https://www.google.com/maps/place/Louisa+Coffee+%E8%B7%AF%E6%98%93%E8%8E%8E%E5%92%96%E5%95%A1(%E9%A0%AD%E4%BB%BD%E5%BB%BA%E5%9C%8B%E9%96%80%E5%B8%82)/@24.6946782,120.9089525,17z/data=!3m2!4b1!5s0x34684cbc6e743fa5:0xe27ec7f1f1841865!4m6!3m5!1s0x34684d214aa91c31:0xd4f6729af357388a!8m2!3d24.6946782!4d120.9115274!16s%2Fg%2F11fmm8_qhn?entry=ttu&g_ep=EgoyMDI1MDExNS4wIKXMDSoASAFQAw%3D%3D"
苗栗縣府門市,苗苗栗縣苗栗市民族路70-1號,ChIJVzngGwmsaTQReXg9VhhjLL4,"https://www.google.com/maps/place/Louisa+Coffee+%E8%B7%AF%E6%98%93%E8%8E%8E%E5%92%96%E5%95%A1(%E8%8B%97%E6%A0%97%E7%B8%A3%E5%BA%9C%E9%96%80%E5%B8%82)/@24.5633933,120.8161744,17z/data=!3m1!4b1!4m6!3m5!1s0x3469ad3ded4e4c93:0x60c774aa273b3c7!8m2!3d24.5633933!4d120.8187493!16s%2Fg%2F11l7k4s2fk?entry=ttu&g_ep=EgoyMDI1MDExNS4wIKXMDSoASAFQAw%3D%3D"
宜蘭礁溪門市,宜蘭縣 礁溪鄉 礁溪路五段48號,ChIJD3SPekn6ZzQRWFE3PwX205g,"https://www.google.com/maps/place/Louisa+Coffee+%E8%B7%AF%E6%98%93%E8%8E%8E%E5%92%96%E5%95%A1(%E5%AE%9C%E8%98%AD%E7%A4%81%E6%BA%AA%E9%96%80%E5%B8%82)/@24.825933,121.7689137,17z/data=!3m1!4b1!4m6!3m5!1s0x3467fb6a9380bdc5:0xe496644528e588f3!8m2!3d24.825933!4d121.7714886!16s%2Fg%2F11g4jh51y7?entry=ttu&g_ep=EgoyMDI1MDExNS4wIKXMDSoASAFQAw%3D%3D"
宜蘭聖博門市,宜蘭縣 羅東鎮 中正南路135號,ChIJGVI2pnzmZzQR9RrkcmzmU7E,"https://www.google.com/maps/place/Louisa+Coffee+%E8%B7%AF%E6%98%93%E8%8E%8E%E5%92%96%E5%95%A1(%E5%AE%9C%E8%98%AD%E8%81%96%E5%8D%9A%E9%96%80%E5%B8%82)/@24.67116,121.6388521,12z/data=!4m10!1m2!2m1!1zTG91aXNhIENvZmZlZSDot6_mmJPojo7lkpbllaEo5a6c6Jit5Yud5Y2a6ZaA5biCKQ!3m6!1s0x3467e67ca6365219:0x41359e490afb3b79!8m2!3d24.67116!4d121.770688!15sCjFMb3Vpc2EgQ29mZmVlIOi3r-aYk-iOjuWSluWVoSjlrpzomK3li53ljZrploDluIIpIgOIAQFaNiI0bG91aXNhIGNvZmZlZSDot6_mmJMg6I6OIOWSluWVoSDlrpzomK0g5Yud5Y2aIOmWgOW4gpIBBGNhZmXgAQA!16s%2Fg%2F11bzzgdr_b?entry=ttu&g_ep=EgoyMDI1MDExNS4wIKXMDSoASAFQAw%3D%3D"
基隆愛二門市,基隆市 仁愛區 愛二路72號,ChIJlXcXKT5OXTQRd1BcXs92Ygs,"https://www.google.com/maps/place/Louisa+Coffee+%E8%B7%AF%E6%98%93%E8%8E%8E%E5%92%96%E5%95%A1(%E5%9F%BA%E9%9A%86%E6%84%9B%E4%BA%8C%E9%96%80%E5%B8%82)/@25.1295,121.738485,17z/data=!4m10!1m2!2m1!1zTG91aXNhIENvZmZlZSDot6_mmJPojo7lkpbllaEo5Z-66ZqG5oSb5LqM6ZaA5biCKQ!3m6!1s0x345d4fc6aaa9202b:0xfedd76de459f6!8m2!3d25.1295!4d121.7426049!15sCjFMb3Vpc2EgQ29mZmVlIOi3r-aYk-iOjuWSluWVoSjln7rpmobmhJvkuozploDluIIpWjciNWxvdWlzYSBjb2ZmZWUg6Lev5piTIOiOjiDlkpbllaEg5Z-66ZqGIOaEmyDkuowg6ZaA5biCkgEMY29mZmVlX3N0b3Jl4AEA!16s%2Fg%2F11svg13qfc?entry=ttu&g_ep=EgoyMDI1MDExNS4wIKXMDSoASAFQAw%3D%3D"
基隆城上城門市,基隆市 安樂區 麥金路231之5號,ChIJZVydy_FPXTQRVCtBb2iyFBo,"https://www.google.com/maps/place/Louisa+Coffee+%E8%B7%AF%E6%98%93%E8%8E%8E%E5%92%96%E5%95%A1(%E5%9F%BA%E9%9A%86%E5%9F%8E%E4%B8%8A%E5%9F%8E%E5%BA%97)/@25.1220518,121.7186113,17z/data=!3m1!5s0x345d4e0735b93467:0x5c17d02df5287d94!4m10!1m2!2m1!1z5Z-66ZqG5Z-O5LiK5Z-O6ZaA5biC!3m6!1s0x345d4ff1cb9d5c65:0x1a14b2686f412b54!8m2!3d25.1222465!4d121.7212069!15sChXln7rpmobln47kuIrln47ploDluIJaGyIZ5Z-66ZqGIOWfjiDkuIog5Z-O6ZaAIOW4gpIBDGNvZmZlZV9zdG9yZeABAA!16s%2Fg%2F11h5npsyd6?entry=ttu&g_ep=EgoyMDI1MDExNS4wIKXMDSoASAFQAw%3D%3D"
竹北東元門市,新竹縣 竹北市 縣政二路55號,ChIJja-faPI2aDQRT5SArCbO8RE,"https://www.google.com/maps/place/Louisa+coffee/@24.8234676,121.0115375,17z/data=!3m1!5s0x346836ec2c9c1345:0xee07b6f68b4d95a6!4m14!1m7!3m6!1s0x346836f2689119cb:0x7febdff48312daf9!2sLouisa+coffee!8m2!3d24.8234676!4d121.0141124!16s%2Fg%2F11clvbs0ym!3m5!1s0x346836f2689119cb:0x7febdff48312daf9!8m2!3d24.8234676!4d121.0141124!16s%2Fg%2F11clvbs0ym?entry=ttu&g_ep=EgoyMDI1MDExNS4wIKXMDSoASAFQAw%3D%3D"
竹北博愛門市,新竹縣 竹北市 博愛街239號,ChIJbY4zR5Q2aDQRC9hM3KTsCGA,"https://www.google.com/maps/place/Louisa+Coffee+%E8%B7%AF%E6%98%93%E8%8E%8E%E5%92%96%E5%95%A1(%E7%AB%B9%E5%8C%97%E5%8D%9A%E6%84%9B%E5%BA%97)/@24.8333513,121.0038047,17z/data=!4m14!1m7!3m6!1s0x3468369447338e6d:0xb83f23325fe0d16!2zTG91aXNhIENvZmZlZSDot6_mmJPojo7lkpbllaEo56u55YyX5Y2a5oSb5bqXKQ!8m2!3d24.8333513!4d121.0063796!16s%2Fg%2F11gfc7knwy!3m5!1s0x3468369447338e6d:0xb83f23325fe0d16!8m2!3d24.8333513!4d121.0063796!16s%2Fg%2F11gfc7knwy?authuser=1&entry=ttu&g_ep=EgoyMDI1MDExNS4wIKXMDSoASAFQAw%3D%3D"
新竹市府門市,新竹市 北區 北大路162號,ChIJh2yC4MY1aDQR0Qgpiz49KT0,"https://www.google.com/maps/place/Louisa+Coffee+%E8%B7%AF%E6%98%93%E8%8E%8E%E5%92%96%E5%95%A1(%E6%96%B0%E7%AB%B9%E5%B8%82%E5%BA%9C%E9%96%80%E5%B8%82)/@24.809619,120.9674894,16z/data=!4m10!1m2!2m1!1zTG91aXNhIENvZmZlZSDot6_mmJPojo7lkpbllaEo5paw56u55biC5bqc5bqXKQ!3m6!1s0x346835b621f378bf:0xeb424289799a0dd9!8m2!3d24.8098066!4d120.9678324!15sCi5Mb3Vpc2EgQ29mZmVlIOi3r-aYk-iOjuWSluWVoSjmlrDnq7nluILlupzlupcpIgOIAQFaMCIubG91aXNhIGNvZmZlZSDot6_mmJMg6I6OIOWSluWVoSDmlrDnq7kg5biCIOW6nJIBBGNhZmXgAQA!16s%2Fg%2F11h2m_1gq4?authuser=1&entry=ttu&g_ep=EgoyMDI1MDExNS4wIKXMDSoASAFQAw%3D%3D"
新竹建中門市,新竹市 東區 建中路71號,ChIJDbpIwnM2aDQRaBahcu4-0EI,"https://www.google.com/maps/place/Louisa+Coffee+%E8%B7%AF%E6%98%93%E8%8E%8E%E5%92%96%E5%95%A1+(%E6%96%B0%E7%AB%B9%E5%BB%BA%E4%B8%AD%E5%BA%97)/@24.8023542,120.9927789,17z/data=!3m1!4b1!4m6!3m5!1s0x346837f6fe7b0fe5:0xa69255c3f133c2e8!8m2!3d24.8023542!4d120.9953538!16s%2Fg%2F11f69lc9ln?authuser=1&entry=ttu&g_ep=EgoyMDI1MDExNS4wIKXMDSoASAFQAw%3D%3D"
高雄文化直營門市,高雄市 苓雅區 廣州一街141號,ChIJt07yepcEbjQREQ3FLPbci5A,"https://www.google.com/maps/place/Louisa+Coffee+%E8%B7%AF%E6%98%93%E8%8E%8E%E5%92%96%E5%95%A1(%E9%AB%98%E9%9B%84%E6%96%87%E5%8C%96%E7%9B%B4%E7%87%9F%E9%96%80%E5%B8%82)/@22.6239926,120.298607,15z/data=!3m1!4b1!4m6!3m5!1s0x346e04977af4809f:0x7ae953b0be22f082!8m2!3d22.6239937!4d120.3170611!16s%2Fg%2F11b8z9smhz?authuser=1&entry=ttu&g_ep=EgoyMDI1MDExNS4wIKXMDSoASAFQAw%3D%3D"
高雄河堤門市,高雄市 三民區 明仁路51號,ChIJPZsQBhwFbjQRw1IUxAVtvwQ,"https://www.google.com/maps/place/Louisa+Coffee+%E8%B7%AF%E6%98%93%E8%8E%8E%E5%92%96%E5%95%A1(%E9%AB%98%E9%9B%84%E6%B2%B3%E5%A0%A4%E9%96%80%E5%B8%82)/@22.661285,120.2961376,15z/data=!4m10!1m2!2m1!1zTG91aXNhIENvZmZlZSDot6_mmJPojo7lkpbllaEo6auY5rKz5aCk6ZaA5biCKQ!3m6!1s0x346e051c067ec0b7:0x34ab9a5b6125cb89!8m2!3d22.661285!4d120.314162!15sCi5Mb3Vpc2EgQ29mZmVlIOi3r-aYk-iOjuWSluWVoSjpq5jmsrPloKTploDluIIpIgOIAQFaNCIybG91aXNhIGNvZmZlZSDot6_mmJMg6I6OIOWSluWVoSDpq5gg5rKzIOWgpCDploDluIKSAQtjb2ZmZWVfc2hvcOABAA!16s%2Fg%2F11c1n8fbq0?authuser=1&entry=ttu&g_ep=EgoyMDI1MDExNS4wIKXMDSoASAFQAw%3D%3D"
高醫自由門市,高雄市 三民區 自由一路56號,ChIJ8QEE1fEEbjQRGJ53qscQVrk,"https://www.google.com/maps/place/Louisa+Coffee+%E8%B7%AF%E6%98%93%E8%8E%8E%E5%92%96%E5%95%A1(%E9%AB%98%E9%86%AB%E8%87%AA%E7%94%B1%E9%96%80%E5%B8%82)/@22.643743,120.3042889,17z/data=!4m10!1m2!2m1!1zTG91aXNhIENvZmZlZSDot6_mmJPojo7lkpbllaEo6auY6Yar6ZaA5biCKQ!3m6!1s0x346e0526c4de1a81:0x55509438d0343583!8m2!3d22.643743!4d120.308795!15sCitMb3Vpc2EgQ29mZmVlIOi3r-aYk-iOjuWSluWVoSjpq5jphqvploDluIIpWjAiLmxvdWlzYSBjb2ZmZWUg6Lev5piTIOiOjiDlkpbllaEg6auYIOmGqyDploDluIKSAQRjYWZl4AEA!16s%2Fg%2F11f6dmncb2?authuser=1&entry=ttu&g_ep=EgoyMDI1MDExNS4wIKXMDSoASAFQAw%3D%3D"
高雄澄清門市,高雄市 三民區 澄清路519號,ChIJDbOk4ywbbjQR0qL_G1hLCDI,"https://www.google.com/maps/place/Louisa+Coffee+%E8%B7%AF%E6%98%93%E8%8E%8E%E5%92%96%E5%95%A1(%E9%AB%98%E9%9B%84%E6%BE%84%E6%B8%85%E9%96%80%E5%B8%82)/@22.6418694,120.3429042,17z/data=!3m1!4b1!4m6!3m5!1s0x346e1bc82ca6ec45:0xd6a43a929e7e951d!8m2!3d22.6418694!4d120.3454791!16s%2Fg%2F11gwmgwxbh?authuser=1&entry=ttu&g_ep=EgoyMDI1MDExNS4wIKXMDSoASAFQAw%3D%3D"
台南新市門市,台南市 新市區 新和里中正路26號,ChIJ59_Xel56bjQRyBf-Uxv9cdg,"https://www.google.com/maps/place/Louisa+Coffee+%E8%B7%AF%E6%98%93%E8%8E%8E%E5%92%96%E5%95%A1(%E5%8F%B0%E5%8D%97%E6%96%B0%E5%B8%82%E9%96%80%E5%B8%82)/@23.0708208,120.2897592,17z/data=!3m1!4b1!4m6!3m5!1s0x346e7a5e6d615f75:0x5e032fa66554d07b!8m2!3d23.0708208!4d120.2923341!16s%2Fg%2F11c6t7j01h?authuser=1&entry=ttu&g_ep=EgoyMDI1MDExNS4wIKXMDSoASAFQAw%3D%3D"
新營門市,台南市 新營區 三民路152-1號,ChIJyV97H9qFbjQRIg7DTeEXg88,"https://www.google.com/maps/place/Louisa+Coffee+%E8%B7%AF%E6%98%93%E8%8E%8E%E5%92%96%E5%95%A1(%E6%96%B0%E7%87%9F%E9%96%80%E5%B8%82)/@23.3064948,120.3077978,17z/data=!3m1!4b1!4m6!3m5!1s0x346e85ca96d94c93:0xf4566d733a057335!8m2!3d23.3064948!4d120.3103727!16s%2Fg%2F11fwygf0dt?authuser=1&entry=ttu&g_ep=EgoyMDI1MDExNS4wIKXMDSoASAFQAw%3D%3D"
台南文元門市,台南市 北區 海安路三段800號,ChIJO_U-3FZ2bjQRZ7ncC_wfWww,"https://www.google.com/maps/place/Louisa+Coffee+%E8%B7%AF%E6%98%93%E8%8E%8E%E5%92%96%E5%95%A1(%E5%8F%B0%E5%8D%97%E6%96%87%E5%85%83%E9%96%80%E5%B8%82)/@23.0158532,120.1820681,15z/data=!3m1!4b1!4m6!3m5!1s0x346e77090cfaf713:0x368f233558aa56ff!8m2!3d23.0158543!4d120.2005222!16s%2Fg%2F11f9x640y1?authuser=1&entry=ttu&g_ep=EgoyMDI1MDExNS4wIKXMDSoASAFQAw%3D%3D"
台南東門門市,台灣台南市東區東門路三段180號,ChIJPRkrSaF2bjQRJrgxScskzoA,"https://www.google.com/maps/place/Louisa+Coffee+%E8%B7%AF%E6%98%93%E8%8E%8E%E5%92%96%E5%95%A1(%E5%8F%B0%E5%8D%97%E6%9D%B1%E9%96%80%E9%96%80%E5%B8%82)%EF%BC%88%E6%8F%90%E4%BE%9B%E5%A4%96%E9%80%81%EF%BC%89/@22.9780108,120.2308606,17z/data=!3m1!4b1!4m6!3m5!1s0x346e7783d1a1e27d:0xb40804c44ef5c919!8m2!3d22.9780108!4d120.2334355!16s%2Fg%2F11g12jmff7?authuser=1&entry=ttu&g_ep=EgoyMDI1MDExNS4wIKXMDSoASAFQAw%3D%3D"
中港門市 (澄清醫院旁),台中市 西屯區 福康路26號,ChIJ72VxM_wVaTQRuKBJxga1ng4,"https://www.google.com/maps/place/Louisa+Coffee+%E8%B7%AF%E6%98%93%E8%8E%8E%E5%92%96%E5%95%A1+%E4%B8%AD%E6%B8%AF%E9%96%80%E5%B8%82(%E6%BE%84%E6%B8%85%E9%86%AB%E9%99%A2%E6%97%81)/@24.1836301,120.5448355,13z/data=!4m10!1m2!2m1!1zTG91aXNhIENvZmZlZSDot6_mmJPojo7lkpbllaEo5Lit5riv6ZaA5biCKe-8iOaPkOS-m-WklumAge-8iQ!3m6!1s0x346915fc2de0598d:0xe30d337458e7d9dd!8m2!3d24.1836301!4d120.6169333!15sCj1Mb3Vpc2EgQ29mZmVlIOi3r-aYk-iOjuWSluWVoSjkuK3muK_ploDluIIp77yI5o-Q5L6b5aSW6YCB77yJIgOIAQFaPiI8bG91aXNhIGNvZmZlZSDot6_mmJMg6I6OIOWSluWVoSDkuK3muK8g6ZaA5biCIOaPkOS-myDlpJYg6YCBkgEEY2FmZeABAA!16s%2Fg%2F11b6367xdj?authuser=1&entry=ttu&g_ep=EgoyMDI1MDExNS4wIKXMDSoASAFQAw%3D%3D"
豐原三民門市,台灣台中市豐原區三民路192號,ChIJi6KAKw8aaTQRXf_m0d9RnoA,"https://www.google.com/maps/place/Louisa+Coffee+%E8%B7%AF%E6%98%93%E8%8E%8E%E5%92%96%E5%95%A1(%E8%B1%90%E5%8E%9F%E4%B8%89%E6%B0%91%E9%96%80%E5%B8%82)/@24.2533156,120.7153977,17z/data=!3m1!4b1!4m6!3m5!1s0x34691b72d35bc5ef:0xe1da1492cf707a72!8m2!3d24.2533156!4d120.7179726!16s%2Fg%2F11gxx3d016?authuser=1&entry=ttu&g_ep=EgoyMDI1MDExNS4wIKXMDSoASAFQAw%3D%3D"
文心森林公園門市,台中市 南屯區 惠文路525號、527號,ChIJzS7pZr89aTQRYhkylQPFUSw,"https://www.google.com/maps/place/Louisa+Coffee+%E8%B7%AF%E6%98%93%E8%8E%8E%E5%92%96%E5%95%A1+(%E6%96%87%E5%BF%83%E6%A3%AE%E6%9E%97%E5%85%AC%E5%9C%92%E9%96%80%E5%B8%82)/@24.1462922,120.6250149,15z/data=!3m1!4b1!4m6!3m5!1s0x34693d144d08ccb7:0x857a2fa1183595fa!8m2!3d24.1462933!4d120.643469!16s%2Fg%2F11fd74d06v?authuser=1&entry=ttu&g_ep=EgoyMDI1MDExNS4wIKXMDSoASAFQAw%3D%3D"
中科直營門市,台中市 西屯區 福科路579號,ChIJMezJhPwVaTQRclJvc7bivQw,"https://www.google.com/maps/place/Louisa+Coffee+%E8%B7%AF%E6%98%93%E8%8E%8E%E5%92%96%E5%95%A1(%E4%B8%AD%E7%A7%91%E9%96%80%E5%B8%82)/@24.1864105,120.612139,17z/data=!3m1!4b1!4m6!3m5!1s0x346915140cd5650d:0xfc5943d791c285a6!8m2!3d24.1864105!4d120.6147139!16s%2Fg%2F11h2g61cbx?authuser=1&entry=ttu&g_ep=EgoyMDI1MDExNS4wIKXMDSoASAFQAw%3D%3D"
桃園縣府門市,桃園市 桃園區 中山路426號,ChIJ_xoBVQMfaDQRhWnhMec8vJM,"https://www.google.com/maps/place/%E8%B7%AF%E6%98%93%E8%8E%8E%E5%92%96%E5%95%A1(%E6%A1%83%E5%9C%92%E7%B8%A3%E5%BA%9C%E9%96%80%E5%B8%82)/@24.993525,121.2994288,17z/data=!4m10!1m2!2m1!1zTG91aXNhIENvZmZlZSDot6_mmJPojo7lkpbllaEo5qGD5ZyS57ij5bqc6ZaA5biCKQ!3m6!1s0x34681f03544adf83:0xd5a886185ab8ba62!8m2!3d24.9921206!4d121.3028738!15sCjFMb3Vpc2EgQ29mZmVlIOi3r-aYk-iOjuWSluWVoSjmoYPlnJLnuKPlupzploDluIIpIgOIAQFaNyI1bG91aXNhIGNvZmZlZSDot6_mmJMg6I6OIOWSluWVoSDmoYPlnJIg57ijIOW6nCDploDluIKSAQRjYWZl4AEA!16s%2Fg%2F11cmmppv3j?authuser=1&entry=ttu&g_ep=EgoyMDI1MDExNS4wIKXMDSoASAFQAw%3D%3D"
桃鶯門市,台灣桃園市桃園區桃鶯路168-1號,ChIJS-384eUeaDQRFF9ViXbcl8s,"https://www.google.com/maps/place/Louisa+Coffee+%E8%B7%AF%E6%98%93%E8%8E%8E%E5%92%96%E5%95%A1(%E6%A1%83%E9%B6%AF%E9%96%80%E5%B8%82)/@24.9830612,121.3002771,15z/data=!3m1!4b1!4m6!3m5!1s0x34681ee5e1fce2d5:0xadb40d7182c70b52!8m2!3d24.9830623!4d121.3187312!16s%2Fg%2F11cmdtsdyx?authuser=1&entry=ttu&g_ep=EgoyMDI1MDExNS4wIKXMDSoASAFQAw%3D%3D"
林口文興門市,桃園市 桃園區 春日路618號,ChIJM5AKujCnQjQRO2VgiOJPmPk,"https://www.google.com/maps/place/Louisa+Coffee+%E8%B7%AF%E6%98%93%EF%BC%8E%E8%8E%8E%E5%92%96%E5%95%A1(%E6%9E%97%E5%8F%A3%E6%96%87%E8%88%88%E5%BA%97)/@25.0580295,121.3621264,17z/data=!3m1!4b1!4m6!3m5!1s0x3442a730ba0adb2d:0xc1a8759119a30d5e!8m2!3d25.0580295!4d121.3647013!16s%2Fg%2F11cm_pg28d?authuser=1&entry=ttu&g_ep=EgoyMDI1MDExNS4wIKXMDSoASAFQAw%3D%3D"
蘆竹南福門市,桃園市 蘆竹區 南福街101號,ChIJIWOkpNsfaDQRAfsVE62DXFc,"https://www.google.com/maps/place/Louisa+Coffee+%E8%B7%AF%E6%98%93%E8%8E%8E%E5%92%96%E5%95%A1(%E8%98%86%E7%AB%B9%E5%8D%97%E7%A6%8F%E5%BA%97)/@25.0401193,121.2905103,17z/data=!3m2!4b1!5s0x34681fd91a42c421:0x12d44185676685d4!4m6!3m5!1s0x34681fdba4b04bad:0x2a8475c102627c00!8m2!3d25.0401193!4d121.2930852!16s%2Fg%2F11c2prm87_?authuser=1&entry=ttu&g_ep=EgoyMDI1MDExNS4wIKXMDSoASAFQAw%3D%3D"
劍潭承德門市,台北市 士林區 承德路四段53號 ,ChIJT-HIVbKuQjQRfiSJM2U_Uls,"https://www.google.com/maps/place/Louisa+Coffee+%E8%B7%AF%E6%98%93%E8%8E%8E%E5%92%96%E5%95%A1(%E5%8A%8D%E6%BD%AD%E6%89%BF%E5%BE%B7%E5%BA%97)/@25.0815027,121.5205362,17z/data=!3m1!4b1!4m6!3m5!1s0x3442aeb255b7c0b5:0xc2f38db5f00f1bcd!8m2!3d25.0815027!4d121.5231111!16s%2Fg%2F11c1xq3pqr?authuser=1&entry=ttu&g_ep=EgoyMDI1MDExNS4wIKXMDSoASAFQAw%3D%3D"
民生圓環門市,台北市 松山區 新東街33號,ChIJyasBd46rQjQRV9sgzSLxVu4,"https://www.google.com/maps/place/%E8%B7%AF%E6%98%93%E8%8E%8E%E5%92%96%E5%95%A1(%E6%B0%91%E7%94%9F%E5%9C%93%E7%92%B0%E9%96%80%E5%B8%82)/@25.05969,121.5631731,17z/data=!3m1!4b1!4m6!3m5!1s0x3442ab8e77020241:0x7a26567b9ee8a4a2!8m2!3d25.05969!4d121.565748!16s%2Fg%2F11bwydf1p5?authuser=1&entry=ttu&g_ep=EgoyMDI1MDExNS4wIKXMDSoASAFQAw%3D%3D"
松山站前門市,台北市 南港區 八德路四段786號,ChIJZaGUt52rQjQRBhe0saCa6BI,"https://www.google.com/maps/place/%E8%B7%AF%E6%98%93%E8%8E%8E%E5%92%96%E5%95%A1(%E6%9D%BE%E5%B1%B1%E7%AB%99%E5%89%8D%E9%96%80%E5%B8%82)/@25.050454,121.5778964,17z/data=!3m1!4b1!4m6!3m5!1s0x3442ab9db64acbf3:0x54a94988d77fde6d!8m2!3d25.050454!4d121.5804713!16s%2Fg%2F11byx7pwnk?authuser=1&entry=ttu&g_ep=EgoyMDI1MDExNS4wIKXMDSoASAFQAw%3D%3D"
內湖瑞光直營門市, 台北市 內湖區 瑞光路431號,ChIJdW4oVmWsQjQRN9X-dgHln2E,"https://www.google.com/maps/place/Louisa+Coffee+%E8%B7%AF%E6%98%93%E8%8E%8E%E5%92%96%E5%95%A1+(%E5%85%A7%E6%B9%96%E7%91%9E%E5%85%89%E7%9B%B4%E7%87%9F%E9%96%80%E5%B8%82)/@25.0786606,121.5679132,17z/data=!3m2!4b1!5s0x3442ac6fee341567:0x9b272f8eed23c770!4m6!3m5!1s0x3442ac6feff02449:0xf383fb7311b27d31!8m2!3d25.0786606!4d121.5704881!16s%2Fg%2F11c2r51svb?authuser=1&entry=ttu&g_ep=EgoyMDI1MDExNS4wIKXMDSoASAFQAw%3D%3D"
輔大烘豆概念門市,新北市 新莊區 建國一路55號,ChIJy4iH_eWnQjQRosrsg6Pace4,"https://www.google.com/maps/place/Louisa+Coffee+%E8%B7%AF%E6%98%93%E8%8E%8E%E5%92%96%E5%95%A1(%E8%BC%94%E5%A4%A7%E7%83%98%E8%B1%86%E6%A6%82%E5%BF%B5%E9%96%80%E5%B8%82)/@25.0304015,121.4162225,15z/data=!3m1!4b1!4m6!3m5!1s0x3442a7e5fd8788cb:0xf4c851f33399e718!8m2!3d25.0304026!4d121.4346766!16s%2Fg%2F11bxdt2088?authuser=1&entry=ttu&g_ep=EgoyMDI1MDExNS4wIKXMDSoASAFQAw%3D%3D"
淡水新市直營門市,新北市 淡水區 新市一路三段100號,ChIJZwr8bACwQjQRBdElbCy8xGA,"https://www.google.com/maps/place/Louisa+Coffee+%E8%B7%AF%E6%98%93%E8%8E%8E%E5%92%96%E5%95%A1+(%E6%B7%A1%E6%B0%B4%E6%96%B0%E5%B8%82%E7%9B%B4%E7%87%9F%E9%96%80%E5%B8%82)/@25.1828246,121.4435417,17z/data=!3m1!4b1!4m6!3m5!1s0x3442b1fcd742d1bd:0x41569788a4f00110!8m2!3d25.1828246!4d121.4461166!16s%2Fg%2F11g0sy2nq6?authuser=1&entry=ttu&g_ep=EgoyMDI1MDExNS4wIKXMDSoASAFQAw%3D%3D"
板橋中正門市,新北市 板橋區 中正路237號,ChIJ4aWtPAWoQjQRsVQ5QOLwAjw,"https://www.google.com/maps/place/Louisa+Coffee+%E8%B7%AF%E6%98%93%E8%8E%8E%E5%92%96%E5%95%A1(%E6%9D%BF%E6%A9%8B%E4%B8%AD%E6%AD%A3%E9%96%80%E5%B8%82)/@25.0179953,121.4532791,17z/data=!3m1!4b1!4m6!3m5!1s0x3442a93d348fbb33:0x3cc537d83ad64d11!8m2!3d25.0179953!4d121.455854!16s%2Fg%2F11jzpk04cc?authuser=1&entry=ttu&g_ep=EgoyMDI1MDExNS4wIKXMDSoASAFQAw%3D%3D"
中和安平門市,台灣新北市中和區景平路402-2號,ChIJNcWvPHQCaDQRv4un6xHPXpo,"https://www.google.com/maps/place/Louisa+Coffee+%E8%B7%AF%E6%98%93%E8%8E%8E%E5%92%96%E5%95%A1(%E4%B8%AD%E5%92%8C%E5%AE%89%E5%B9%B3%E9%96%80%E5%B8%82)/@24.9932599,121.4907777,15z/data=!3m1!4b1!4m6!3m5!1s0x34680386415a9eb9:0x10c6f443074ef1ff!8m2!3d24.993261!4d121.5092318!16s%2Fg%2F11v56lkvhm?authuser=1&entry=ttu&g_ep=EgoyMDI1MDExNS4wIKXMDSoASAFQAw%3D%3D"
信陽直營門市,台北市 中正區 信陽街5號之2,ChIJs0nsCHOpQjQRfToWbdl0xeA,"https://www.google.com/maps/place/Louisa+Coffee+%E8%B7%AF%E6%98%93%E8%8E%8E%E5%92%96%E5%95%A1(%E4%BF%A1%E9%99%BD%E7%9B%B4%E7%87%9F%E9%96%80%E5%B8%82)/@25.0447589,121.5142177,17z/data=!3m1!4b1!4m6!3m5!1s0x3442a97308e3513f:0xa4b2eb27470a4a81!8m2!3d25.0447589!4d121.5167926!16s%2Fg%2F11dxhzkhbr?authuser=1&entry=ttu&g_ep=EgoyMDI1MDExNS4wIKXMDSoASAFQAw%3D%3D"
